<?xml version="1.0" encoding="UTF-8"?>
<beans xmlns="http://www.springframework.org/schema/beans"
	xmlns:xsi="http://www.w3.org/2001/XMLSchema-instance"
	xsi:schemaLocation="http://www.springframework.org/schema/beans http://www.springframework.org/schema/beans/spring-beans-2.0.xsd">
	<description>
		<![CDATA[    
  This adaptor does the following...
    
    * reads delimited records from file
    * converts delimited input into a map
    * converts map to xml
    * converts xml to generic artifact xml format
    * does a transformation on the data to change some field values
    * converts the generic artifact format back to a ordered map xml structure
    * converts the ordered map xml structure back to a map
    * write map as a csv file  

  Run it like this...
    
    java org.openadaptor.spring.SpringAdaptor -config config/csv2csv.xml -bean Adaptor
    
  You need the following in your classpath
  
    lib
    lib/openadaptor.jar
    lib/openadaptor-spring.jar
    lib/openadaptor-depends.jar
  ]]>
	</description>

	<bean id="Adaptor" class="org.openadaptor.core.adaptor.Adaptor">
		<property name="messageProcessor" ref="Router" />
	</bean>

	<bean id="Router" class="org.openadaptor.core.router.Router">
		<description>
			Defines how different openadaptor components are connected to each other
		</description>
		<property name="processMap">
			<map>
				<entry key-ref="InputCSVFileReader" value-ref="InputCSVString2OrderedMapConverter" />
				<entry key-ref="InputCSVString2OrderedMapConverter" value-ref="OrderedMap2XmlMapConverter" />
				<entry key-ref="OrderedMap2XmlMapConverter" value-ref="XmlMap2GenericArtifactConverter" />
				<entry key-ref="XmlMap2GenericArtifactConverter"
					value-ref="GenericArtifact2GenericArtifactConverter" />
				<entry key-ref="GenericArtifact2GenericArtifactConverter"
					value-ref="GenericArtifact2XmlMapConverter" />
				<entry key-ref="GenericArtifact2XmlMapConverter"
					value-ref="XmlMap2OrderedMapConverter" />
				<entry key-ref="XmlMap2OrderedMapConverter"
					value-ref="OrderedMap2OutputCSVStringConverter" />
				<entry key-ref="OrderedMap2OutputCSVStringConverter"
					value-ref="OutputCSVFileWriter" />
			</map>
		</property>
	</bean>

	<bean id="InputCSVFileReader"
		class="org.openadaptor.auxil.connector.iostream.reader.FileReadConnector">
		<description>
			This read connector reads lines from a file.
		</description>
		<property name="filename" value="input/csvinputfile.dat" />
		<property name="dataReader">
			<bean
				class="org.openadaptor.auxil.connector.iostream.reader.string.LineReader">
				<description>
					This (regular expression) will exclude comments
					(lines beginning with #)
				</description>
				<property name="excludeRegex" value="^#.*" />
			</bean>
		</property>
	</bean>

	<bean id="InputCSVString2OrderedMapConverter"
		class="org.openadaptor.auxil.convertor.delimited.DelimitedStringToOrderedMapConvertor">
		<description>
			Strings are delimited by commas; each value in the string
			will be associated with the corresponding 'name' in the
			generated map
		</description>
		<property name="delimiter" value="," />
		<property name="firstRecordContainsFieldNames" value="true" />
		<property name="stripEnclosingQuotes" value="true" />
	</bean>

	<bean id="OrderedMap2XmlMapConverter"
		class="org.openadaptor.auxil.convertor.xml.OrderedMapToXmlConvertor">
		<description>Convert the map into XML</description>
		<property name="rootElementTag" value="record" />
	</bean>
	
	<bean id="XmlMap2GenericArtifactConverter" class="com.collabnet.ccf.core.transformer.XsltProcessor">
		<property name="xsltFile" value="xslt/xmlmap2genericartifact.xsl" />
	</bean>
	
	<bean id="GenericArtifact2XmlMapConverter" class="com.collabnet.ccf.core.transformer.XsltProcessor">
		<property name="xsltFile" value="xslt/genericartifact2xmlmap.xsl" />
	</bean>
	
	<bean id="GenericArtifact2GenericArtifactConverter" class="com.collabnet.ccf.core.transformer.XsltProcessor">
		<property name="xsltFile" value="xslt/genericartifact2genericartifact.xsl" />
	</bean>
	
	<bean id="XmlMap2OrderedMapConverter"
		class="org.openadaptor.auxil.convertor.xml.XmlToOrderedMapConvertor">
		<property name="omitTopLevelElementTag" value="true"/>
	</bean>
	
	<bean id="OrderedMap2OutputCSVStringConverter"
		class="org.openadaptor.auxil.convertor.delimited.OrderedMapToDelimitedStringConvertor">
		<property name="quoteChar" value='"'/>
		<property name="outputHeader" value="true"/>
		<property name="forceEnclosingQuotes" value="true"/>
	</bean>
	
	<bean id="OutputCSVFileWriter"
		class="org.openadaptor.auxil.connector.iostream.writer.FileWriteConnector">
		<property name="filename" value="output/csvoutputfile.dat" />
		<property name="append" value="false" />
	</bean>
	
	

</beans>